<?xml version="1.0" encoding="utf-8"?>
<resources xmlns:tools="http://schemas.android.com/tools" tools:ignore="MissingTranslation">
<!--  Base Game -->
    <string name="Adventurer">Adventurer</string>
    <string name="Bureaucrat">Bureaucrat</string>
    <string name="Cellar">Cellar</string>
    <string name="Chancellor">Chancellor</string>
    <string name="Chapel">Chapel</string>
    <string name="Council_Room">Council Room</string>
    <string name="Feast">Feast</string>
    <string name="Festival">Festival</string>
    <string name="Gardens">Gardens</string>
    <string name="Laboratory">Laboratory</string>
    <string name="Library">Library</string>
    <string name="Market">Market</string>
    <string name="Militia">Militia</string>
    <string name="Mine">Mine</string>
    <string name="Moat">Moat</string>
    <string name="Moneylender">Moneylender</string>
    <string name="Remodel">Remodel</string>
    <string name="Smithy">Smithy</string>
    <string name="Spy">Spy</string>
    <string name="Thief">Thief</string>
    <string name="Throne_Room">Throne Room</string>
    <string name="Village">Village</string>
    <string name="Witch">Witch</string>
    <string name="Woodcutter">Woodcutter</string>
    <string name="Workshop">Workshop</string>
<!--  Intrigue -->
    <string name="Baron">Baron</string>
    <string name="Bridge">Bridge</string>
    <string name="Conspirator">Conspirator</string>
    <string name="Coppersmith">Coppersmith</string>
    <string name="Courtyard">Courtyard</string>
    <string name="Duke">Duke</string>
    <string name="Great_Hall">Great Hall</string>
    <string name="Harem">Harem</string>
    <string name="Ironworks">Ironworks</string>
    <string name="Masquerade">Masquerade</string>
    <string name="Mining_Village">Mining Village</string>
    <string name="Minion">Minion</string>
    <string name="Nobles">Nobles</string>
    <string name="Pawn">Pawn</string>
    <string name="Saboteur">Saboteur</string>
    <string name="Scout">Scout</string>
    <string name="Secret_Chamber">Secret Chamber</string>
    <string name="Shanty_Town">Shanty Town</string>
    <string name="Steward">Steward</string>
    <string name="Swindler">Swindler</string>
    <string name="Torturer">Torturer</string>
    <string name="Trading_Post">Trading Post</string>
    <string name="Tribute">Tribute</string>
    <string name="Upgrade">Upgrade</string>
    <string name="Wishing_Well">Wishing Well</string>
<!--  Seaside -->
    <string name="Ambassador">Ambassador</string>
    <string name="Bazaar">Bazaar</string>
    <string name="Caravan">Caravan</string>
    <string name="Cutpurse">Cutpurse</string>
    <string name="Embargo">Embargo</string>
    <string name="Explorer">Explorer</string>
    <string name="Fishing_Village">Fishing Village</string>
    <string name="Ghost_Ship">Ghost Ship</string>
    <string name="Haven">Haven</string>
    <string name="Island">Island</string>
    <string name="Lighthouse">Lighthouse</string>
    <string name="Lookout">Lookout</string>
    <string name="Merchant_Ship">Merchant Ship</string>
    <string name="Native_Village">Native Village</string>
    <string name="Navigator">Navigator</string>
    <string name="Outpost">Outpost</string>
    <string name="Pearl_Diver">Pearl Diver</string>
    <string name="Pirate_Ship">Pirate Ship</string>
    <string name="Salvager">Salvager</string>
    <string name="Sea_Hag">Sea Hag</string>
    <string name="Smugglers">Smugglers</string>
    <string name="Tactician">Tactician</string>
    <string name="Treasure_Map">Treasure Map</string>
    <string name="Treasury">Treasury</string>
    <string name="Warehouse">Warehouse</string>
    <string name="Wharf">Wharf</string>
<!--  Alchemy -->
    <string name="Alchemist">Alchemist</string>
    <string name="Apothecary">Apothecary</string>
    <string name="Apprentice">Apprentice</string>
    <string name="Familiar">Familiar</string>
    <string name="Golem">Golem</string>
    <string name="Herbalist">Herbalist</string>
    <string name="Philosophers_Stone">Philosopher\'s Stone</string>
    <string name="Possession">Possession</string>
    <string name="Scrying_Pool">Scrying Pool</string>
    <string name="Transmute">Transmute</string>
    <string name="University">University</string>
    <string name="Vineyard">Vineyard</string>
    <string name="Potion">Potion</string>
<!--  Prosperity -->
    <string name="Bank">Bank</string>
    <string name="Bishop">Bishop</string>
    <string name="City">City</string>
    <string name="Contraband">Contraband</string>
    <string name="Counting_House">Counting House</string>
    <string name="Expand">Expand</string>
    <string name="Forge">Forge</string>
    <string name="Goons">Goons</string>
    <string name="Grand_Market">Grand Market</string>
    <string name="Hoard">Hoard</string>
    <string name="Kings_Court">King\'s Court</string>
    <string name="Loan">Loan</string>
    <string name="Mint">Mint</string>
    <string name="Monument">Monument</string>
    <string name="Mountebank">Mountebank</string>
    <string name="Peddler">Peddler</string>
    <string name="Quarry">Quarry</string>
    <string name="Rabble">Rabble</string>
    <string name="Royal_Seal">Royal Seal</string>
    <string name="Talisman">Talisman</string>
    <string name="Trade_Route">Trade Route</string>
    <string name="Vault">Vault</string>
    <string name="Venture">Venture</string>
    <string name="Watchtower">Watchtower</string>
    <string name="Workers_Village">Worker\'s Village</string>
    <string name="Colony">Colony</string>
    <string name="Platinum">Platinum</string>
<!--  Cornucopia -->
    <string name="Fairgrounds">Fairgrounds</string>
    <string name="Farming_Village">Farming Village</string>
    <string name="Fortune_Teller">Fortune Teller</string>
    <string name="Hamlet">Hamlet</string>
    <string name="Harvest">Harvest</string>
    <string name="Horn_of_Plenty">Horn of Plenty</string>
    <string name="Horse_Traders">Horse Traders</string>
    <string name="Hunting_Party">Hunting Party</string>
    <string name="Jester">Jester</string>
    <string name="Menagerie">Menagerie</string>
    <string name="Remake">Remake</string>
    <string name="Tournament">Tournament</string>
    <string name="Young_Witch">Young Witch</string>
<!--  Hinterlands -->
    <string name="Border_Village">Border Village</string>
    <string name="Cache">Cache</string>
    <string name="Cartographer">Cartographer</string>
    <string name="Crossroads">Crossroads</string>
    <string name="Develop">Develop</string>
    <string name="Duchess">Duchess</string>
    <string name="Embassy">Embassy</string>
    <string name="Farmland">Farmland</string>
    <string name="Fools_Gold">Fool\'s Gold</string>
    <string name="Haggler">Haggler</string>
    <string name="Highway">Highway</string>
    <string name="Ill_Gotten_Gains">Ill-Gotten Gains</string>
    <string name="Inn">Inn</string>
    <string name="Jack_of_all_Trades">Jack of all Trades</string>
    <string name="Mandarin">Mandarin</string>
    <string name="Margrave">Margrave</string>
    <string name="Noble_Brigand">Noble Brigand</string>
    <string name="Nomad_Camp">Nomad Camp</string>
    <string name="Oasis">Oasis</string>
    <string name="Oracle">Oracle</string>
    <string name="Scheme">Scheme</string>
    <string name="Silk_Road">Silk Road</string>
    <string name="Spice_Merchant">Spice Merchant</string>
    <string name="Stables">Stables</string>
    <string name="Trader">Trader</string>
    <string name="Tunnel">Tunnel</string>
<!--  Dark Ages -->
    <string name="Altar">Altar</string>
    <string name="Armory">Armory</string>
    <string name="Band_of_Misfits">Band of Misfits</string>
    <string name="Bandit_Camp">Bandit Camp</string>
    <string name="Beggar">Beggar</string>
    <string name="Catacombs">Catacombs</string>
    <string name="Count">Count</string>
    <string name="Cultist">Cultist</string>
    <string name="Death_Cart">Death Cart</string>
    <string name="Forager">Forager</string>
    <string name="Fortress">Fortress</string>
    <string name="Graverobber">Graverobber</string>
    <string name="Hermit">Hermit</string>
    <string name="Hunting_Grounds">Hunting Grounds</string>
    <string name="Ironmonger">Ironmonger</string>
    <string name="Junk_Dealer">Junk Dealer</string>
    <string name="Marauder">Marauder</string>
    <string name="Market_Square">Market Square</string>
    <string name="Mystic">Mystic</string>
    <string name="Pillage">Pillage</string>
    <string name="Poor_House">Poor House</string>
    <string name="Procession">Procession</string>
    <string name="Rebuild">Rebuild</string>
    <string name="Rogue">Rogue</string>
    <string name="Sage">Sage</string>
    <string name="Scavenger">Scavenger</string>
    <string name="Squire">Squire</string>
    <string name="Storeroom">Storeroom</string>
    <string name="Urchin">Urchin</string>
    <string name="Vagrant">Vagrant</string>
    <string name="Wandering_Minstrel">Wandering Minstrel</string>
    <string name="Counterfeit">Counterfeit</string>
    <string name="Feodum">Feodum</string>
    <string name="Rats">Rats</string>
    <string name="Knights">Knights</string>
    <string name="Spoils">Spoils</string>
    <string name="Madman">Madman</string>
    <string name="Mercenary">Mercenary</string>
<!--  Guilds -->
    <string name="Advisor">Advisor</string>
    <string name="Baker">Baker</string>
    <string name="Butcher">Butcher</string>
    <string name="Candlestick_Maker">Candlestick Maker</string>
    <string name="Doctor">Doctor</string>
    <string name="Herald">Herald</string>
    <string name="Journeyman">Journeyman</string>
    <string name="Masterpiece">Masterpiece</string>
    <string name="Merchant_Guild">Merchant Guild</string>
    <string name="Plaza">Plaza</string>
    <string name="Soothsayer">Soothsayer</string>
    <string name="Stonemason">Stonemason</string>
    <string name="Taxman">Taxman</string>
<!--  Adventures -->
    <string name="Amulet">Amulet</string>
    <string name="Artificer">Artificer</string>
    <string name="Bridge_Troll">Bridge Troll</string>
    <string name="Caravan_Guard">Caravan Guard</string>
    <string name="Coin_of_the_Realm">Coin of the Realm</string>
    <string name="Distant_Lands">Distant Lands</string>
    <string name="Dungeon">Dungeon</string>
    <string name="Duplicate">Duplicate</string>
    <string name="Gear">Gear</string>
    <string name="Giant">Giant</string>
    <string name="Guide">Guide</string>
    <string name="Haunted_Woods">Haunted Woods</string>
    <string name="Hireling">Hireling</string>
    <string name="Lost_City">Lost City</string>
    <string name="Magpie">Magpie</string>
    <string name="Messenger">Messenger</string>
    <string name="Miser">Miser</string>
    <string name="Page">Page</string>
    <string name="Peasant">Peasant</string>
    <string name="Port">Port</string>
    <string name="Ranger">Ranger</string>
    <string name="Ratcatcher">Ratcatcher</string>
    <string name="Raze">Raze</string>
    <string name="Relic">Relic</string>
    <string name="Royal_Carriage">Royal Carriage</string>
    <string name="Storyteller">Storyteller</string>
    <string name="Swamp_Hag">Swamp Hag</string>
    <string name="Transmogrify">Transmogrify</string>
    <string name="Treasure_Trove">Treasure Trove</string>
    <string name="Wine_Merchant">Wine Merchant</string>
    <string name="Alms">Alms</string>
    <string name="Ball">Ball</string>
    <string name="Bonfire">Bonfire</string>
    <string name="Borrow">Borrow</string>
    <string name="Expedition">Expedition</string>
    <string name="Ferry">Ferry</string>
    <string name="Inheritance">Inheritance</string>
    <string name="Lost_Arts">Lost Arts</string>
    <string name="Mission">Mission</string>
    <string name="Pathfinding">Pathfinding</string>
    <string name="Pilgrimage">Pilgrimage</string>
    <string name="Plan">Plan</string>
    <string name="Quest">Quest</string>
    <string name="Raid">Raid</string>
    <string name="Save">Save</string>
    <string name="Scouting_Party">Scouting Party</string>
    <string name="Seaway">Seaway</string>
    <string name="Trade">Trade</string>
    <string name="Training">Training</string>
    <string name="Travelling_Fair">Travelling Fair</string>
    <!-- Empires -->
    <string name="Engineer">Engineer</string>
    <string name="City_Quarter">City Quarter</string>
    <string name="Overlord">Overlord</string>
    <string name="Royal_Blacksmith">Royal Blacksmith</string>
    <string name="Encampment_Plunder">Encampment/Plunder</string>
    <string name="Patrician_Emporium">Patrician/Emporium</string>
    <string name="Settlers_Bustling_Village">Settlers/Bustling Village</string>
    <string name="Castles">Castles</string>
    <string name="Catapult_Rocks">Catapult/Rocks</string>
    <string name="Chariot_Race">Chariot Race</string>
    <string name="Enchantress">Enchantress</string>
    <string name="Farmers_Market">Farmers\' Market</string>
    <string name="Gladiator_Fortune">Gladiator/Fortune</string>
    <string name="Sacrifice">Sacrifice</string>
    <string name="Temple">Temple</string>
    <string name="Villa">Villa</string>
    <string name="Archive">Archive</string>
    <string name="Capital">Capital</string>
    <string name="Charm">Charm</string>
    <string name="Crown">Crown</string>
    <string name="Forum">Forum</string>
    <string name="Groundskeeper">Groundskeeper</string>
    <string name="Legionary">Legionary</string>
    <string name="Wild_Hunt">Wild Hunt</string>
    <string name="Triumph">Triumph</string>
    <string name="Annex">Annex</string>
    <string name="Donate">Donate</string>
    <string name="Advance">Advance</string>
    <string name="Delve">Delve</string>
    <string name="Tax">Tax</string>
    <string name="Banquet">Banquet</string>
    <string name="Ritual">Ritual</string>
    <string name="Salt_the_Earth">Salt the Earth</string>
    <string name="Wedding">Wedding</string>
    <string name="Windfall">Windfall</string>
    <string name="Conquest">Conquest</string>
    <string name="Dominate">Dominate</string>
    <string name="Aqueduct">Aqueduct</string>
    <string name="Arena">Arena</string>
    <string name="Bandit_Fort">Bandit Fort</string>
    <string name="Basilica">Basilica</string>
    <string name="Baths">Baths</string>
    <string name="Battlefield">Battlefield</string>
    <string name="Colonnade">Colonnade</string>
    <string name="Defiled_Shrine">Defiled Shrine</string>
    <string name="Fountain">Fountain</string>
    <string name="Keep">Keep</string>
    <string name="Labyrinth">Labyrinth</string>
    <string name="Mountain_Pass">Mountain Pass</string>
    <string name="Museum">Museum</string>
    <string name="Obelisk">Obelisk</string>
    <string name="Orchard">Orchard</string>
    <string name="Palace">Palace</string>
    <string name="Tomb">Tomb</string>
    <string name="Tower">Tower</string>
    <string name="Triumphal_Arch">Triumphal Arch</string>
    <string name="Wall">Wall</string>
    <string name="Wolf_Den">Wolf Den</string>
    <!--  Base 2nd Edition Cards -->
    <string name="Artisan">Artisan</string>
    <string name="Bandit">Bandit</string>
    <string name="Harbinger">Harbinger</string>
    <string name="Merchant">Merchant</string>
    <string name="Poacher">Poacher</string>
    <string name="Sentry">Sentry</string>
    <string name="Vassal">Vassal</string>
    <!--  Intrigue 2nd Edition Cards -->
    <string name="Courtier">Courtier</string>
    <string name="Diplomat">Diplomat</string>
    <string name="Lurker">Lurker</string>
    <string name="Mill">Mill</string>
    <string name="Patrol">Patrol</string>
    <string name="Replace">Replace</string>
    <string name="Secret_Passage">Secret Passage</string>
    <!--  Promo cards -->
    <string name="Black_Market">Black Market</string>
    <string name="Envoy">Envoy</string>
    <string name="Stash">Stash</string>
    <string name="Walled_Village">Walled Village</string>
    <string name="Governor">Governor</string>
    <string name="Prince">Prince</string>
    <string name="Summon">Summon</string>
    <string name="Sauna_Avanto">Sauna/Avanto</string>
</resources>