<?xml version="1.0" encoding="utf-8"?>
<resources xmlns:tools="http://schemas.android.com/tools" tools:ignore="MissingTranslation">
    <string name="All">All</string>
    <string name="All_Description">All Dominion cards</string>
    <string name="Main_Set">Base Set</string>
    <string name="Main_Set_Description">Cards in both Editions of Base Dominion</string>
    <string name="Main_Set_First">Base Set 1st Ed.</string>
    <string name="Main_Set_First_Description">Cards from the First Edition Base Dominion</string>
    <string name="Main_Set_Second">Base Set 2nd Ed.</string>
    <string name="Main_Set_Second_Description">Cards from the Second Edition Base Dominion</string>
    <string name="Intrigue">Intrigue</string>
    <string name="Intrigue_Description">Cards in both Editions of Dominion: Intrigue</string>
    <string name="Intrigue_First">Intrigue 1st Ed</string>
    <string name="Intrigue_First_Description">Cards from First Edition Dominion: Intrigue</string>
    <string name="Intrigue_Second">Intrigue 2nd Ed</string>
    <string name="Intrigue_Second_Description">Cards from Second Edition Dominion: Intrigue</string>
    <string name="Seaside">Seaside</string>
    <string name="Seaside_Description">Cards from Dominion: Seaside</string>
    <string name="Alchemy">Alchemy</string>
    <string name="Alchemy_Description">Cards from Dominion: Alchemy</string>
    <string name="Prosperity">Prosperity</string>
    <string name="Prosperity_Description">Cards from Dominion: Prosperity</string>
    <string name="Cornucopia">Cornucopia</string>
    <string name="Cornucopia_Description">Cards from Dominion: Cornucopia</string>
    <string name="Hinterlands">Hinterlands</string>
    <string name="Hinterlands_Description">Cards from Dominion: Hinterlands</string>
    <string name="Dark_Ages">Dark Ages</string>
    <string name="Dark_Ages_Description">Cards from Dominion: Dark Ages</string>
    <string name="Guilds">Guilds</string>
    <string name="Guilds_Description">Cards from Dominion: Guilds</string>
    <string name="Adventures">Adventures</string>
    <string name="Adventures_Description">Cards from Dominion: Adventures</string>
    <string name="Empires">Empires</string>
    <string name="Empires_Description">Cards from Dominion: Empires</string>
    <string name="Promo">Promo</string>
    <string name="Promo_Description">Promotion cards</string>
    <string name="Events">Events</string>
    <string name="Events_Description">Events</string>
    <string name="Landmarks">Landmarks</string>
    <string name="Landmarks_Description">Additional ways to score points</string>
    <string name="Events_Landmarks">Events or Landmarks</string>
    <string name="Events_Landmarks_Description">Events and Landmarks. Suggested rule is no more than 2 from this group.</string>
    <string name="Defense">Defense</string>
    <string name="Defense_Description">Cards that protect from attack cards</string>
    <string name="Attack_Group">Attack</string>
    <string name="Attack_Group_Description">Cards to attack other players</string>
    <string name="Cost_2">Cost 2</string>
    <string name="Cost_2_Description">Cards of cost 2 or less</string>
    <string name="Cost_3">Cost 3</string>
    <string name="Cost_3_Description">Cards of cost 3</string>
    <string name="Cost_4">Cost 4</string>
    <string name="Cost_4_Description">Card of cost 4</string>
    <string name="Cost_5">Cost 5</string>
    <string name="Cost_5_Description">Cards of cost 5</string>
    <string name="Cost_6">Cost 6</string>
    <string name="Cost_6_Description">Cards of cost 6</string>
    <string name="Cost_6_Or_More">Cost 6+</string>
    <string name="Cost_6_Or_More_Description">Cards of cost 6 or more</string>
    <string name="Cost_7_Or_More">Cost 7+</string>
    <string name="Cost_7_Or_More_Description">Cards of cost 7 or more</string>
    <string name="Potion_Group">Potion</string>
    <string name="Potion_Group_Description">Cards that cost or use potions</string>
    <string name="Component">Component</string>
    <string name="Component_Description">Cards for which a component is needed</string>
    <string name="Victory_Group">Victory</string>
    <string name="Victory_Group_Description">Cards that score victory points</string>
    <string name="Duration_Group">Duration</string>
    <string name="Duration_Group_Description">Duration cards</string>
    <string name="Treasure_Group">Treasure</string>
    <string name="Treasure_Group_Description">Treasure cards</string>
    <string name="Double_Type">Double Type</string>
    <string name="Double_Type_Description">Cards that are multiple types</string>
    <string name="Deck_Reduction">Deck Reduction</string>
    <string name="Deck_Reduction_Description">Cards that can make your deck smaller</string>
    <string name="Card_Ordering">Card Ordering</string>
    <string name="Card_Ordering_Description">Change the order of the cards in your deck</string>
    <string name="Plus_Curses">Plus Curses</string>
    <string name="Plus_Curses_Description">Cards that can be used to give curses</string>
    <string name="Plus_Card">Plus Card</string>
    <string name="Plus_Card_Description">Cards that let you draw cards</string>
    <string name="Plus_Action">Plus Action</string>
    <string name="Plus_Action_Description">Cards that add actions</string>
    <string name="Plus_More_Action">Plus More Action</string>
    <string name="Plus_More_Action_Description">Cards that adds two or more actions</string>
    <string name="Plus_Coin">Plus Coin</string>
    <string name="Plus_Coin_Description">Cards that add money</string>
    <string name="Plus_Buy">Plus Buy</string>
    <string name="Plus_Buy_Description">Cards that add buys</string>
    <string name="Gain">Gain</string>
    <string name="Gain_Description">Cards that let you gain cards without buying</string>
    <string name="Looter_Group">Looter</string>
    <string name="Looter_Group_Description">Cards that let someone gain ruins</string>
    <string name="Gain_Spoils">Gain Spoils</string>
    <string name="Gain_Spoils_Description">Cards that let you gain spoils</string>
</resources>