<?xml version="1.0" encoding="utf-8"?>
<resources xmlns:tools="http://schemas.android.com/tools" tools:ignore="MissingTranslation">
    <string name="menu_lock_lists">Lists Locked</string>
    <string name="menu_unlock_lists">Lists Unlocked</string>
    <string name="menu_sort">Sort</string>
    <string name="menu_shuffle">Shuffle</string>
    <string name="menu_last_result">Last Result</string>
    <string name="menu_clear_all">Clear All</string>
    <string name="menu_close">Close</string>
    <string name="menu_compact_view">Compact List</string>
    <string name="menu_expanded_view">Expanded List</string>
    <string name="menu_exclude_all">Exclude All</string>
    <string name="menu_require_all">Require All</string>
    <string name="menu_load">Load</string>
    <string name="menu_save">Save</string>
    <string name="menu_about">About</string>
    <string name="menu_settings">Settings</string>
    <string name="menu_launch_androminion">Launch Androminion</string>
</resources>
